time_s,id,kind,role,alive,x_m,y_m,z_m,yaw_rad
0.0,asset-alpha,asset,protected_ground_asset,True,500.0,350.0,0.0,0.0
0.0,F1,drone,friendly,True,428.0,430.0,70.0,0.0
0.0,F2,drone,friendly,True,452.0,440.0,70.0,0.0
0.0,F3,drone,friendly,True,476.0,438.0,70.0,0.0
0.0,F4,drone,friendly,True,500.0,432.0,70.0,0.0
0.0,F5,drone,friendly,True,524.0,438.0,70.0,0.0
0.0,F6,drone,friendly,True,548.0,440.0,70.0,0.0
0.0,H1,drone,hostile_ground,True,140.0,90.0,80.0,0.5880026035475675
0.0,H2,drone,hostile_ground,True,850.0,95.0,80.0,2.4917222041778455
0.0,H3,drone,hostile_air,True,920.0,520.0,95.0,-2.7557099841917196
0.0,H4,drone,hostile_ground,True,175.0,620.0,80.0,-0.6947382761967031
0.5,asset-alpha,asset,protected_ground_asset,True,500.0,350.0,0.0,0.0
0.5,F1,drone,friendly,True,409.92789919891965,440.6957548885336,70.0,2.607196285058138
0.5,F2,drone,friendly,True,433.71740712466635,450.3318341912169,70.0,2.6272161782604213
0.5,F3,drone,friendly,True,457.13563815809914,447.15134585652675,70.0,2.689925471704549
0.5,F4,drone,friendly,True,500.0,421.5047263119659,70.0,-1.5707963267948966
0.5,F5,drone,friendly,True,521.3194765682329,429.2152344563955,70.0,-1.8669557806096213
0.5,F6,drone,friendly,True,545.8375524995705,431.85214898280736,70.0,-1.830216672388981
0.5,H1,drone,hostile_ground,True,153.0701852417917,99.22877336081292,80.0,0.6148038915910629
0.5,H2,drone,hostile_ground,True,837.8272715630427,103.96779043415326,80.0,2.506650495706299
0.5,H3,drone,hostile_air,True,903.9475261793797,513.4960627631209,95.0,-2.7566396727825797
0.5,H4,drone,hostile_ground,True,187.1325961094202,609.9122239423999,80.0,-0.6936320584287714
1.0,asset-alpha,asset,protected_ground_asset,True,500.0,350.0,0.0,0.0
1.0,F1,drone,friendly,True,391.9354886859813,451.525028360651,70.0,2.5997918883975717
1.0,F2,drone,friendly,True,415.45743729521143,460.7035988350659,70.0,2.625030757546379
1.0,F3,drone,friendly,True,440.41947710852605,455.5992281243098,70.0,2.673656565397586
1.0,F4,drone,friendly,True,497.56524270599374,411.1741598550428,70.0,-1.8022571313648539
1.0,F5,drone,friendly,True,519.1392510983707,420.73830272595677,70.0,-1.8225353189563993
1.0,F6,drone,friendly,True,543.3792846140875,423.8391887028062,70.0,-1.8684675627673806
1.0,H1,drone,hostile_ground,True,166.06719922395018,108.56031275941041,80.0,0.6226885518881407
1.0,H2,drone,hostile_ground,True,825.3122216180764,113.11238035798239,80.0,2.5105665798468157
1.0,H3,drone,hostile_air,True,887.7265619981882,506.9286948708444,95.0,-2.756895798494458
1.0,H4,drone,hostile_ground,True,199.18449610667568,599.8979077678787,80.0,-0.6933197552431032
1.5,asset-alpha,asset,protected_ground_asset,True,500.0,350.0,0.0,0.0
1.5,F1,drone,friendly,True,374.03724048197853,462.509231164128,70.0,2.5911585350630375
1.5,F2,drone,friendly,True,397.3180958305326,471.2849168639215,70.0,2.6135167446452248
1.5,F3,drone,friendly,True,423.2546159735483,463.8750201650223,70.0,2.6923383622736177
1.5,F4,drone,friendly,True,478.11380738259163,419.0888085433614,70.0,2.7551583797201467
1.5,F5,drone,friendly,True,516.6597606770573,412.30516300841316,70.0,-1.8567555667333773
1.5,F6,drone,friendly,True,564.2363107698927,426.2855042867112,70.0,0.1167563085562155
1.5,H1,drone,hostile_ground,True,178.99111781381876,117.88645170201258,80.0,0.6250881697534653
1.5,H2,drone,hostile_ground,True,813.090153129357,122.02032023993094,80.0,2.5117716501571925
1.5,H3,drone,hostile_air,True,871.7137141088085,500.4470877873311,95.0,-2.75697633396936
1.5,H4,drone,hostile_ground,True,211.491415172649,589.6734399037998,80.0,-0.6932355376170835
2.0,asset-alpha,asset,protected_ground_asset,True,500.0,350.0,0.0,0.0
2.0,F1,drone,friendly,True,356.2541635528189,473.67893012746583,70.0,2.5807612480733266
2.0,F2,drone,friendly,True,379.2105075706815,481.9204820774728,70.0,2.610523545242859
2.0,F3,drone,friendly,True,405.686736499965,471.94452378198235,70.0,2.711004712762764
2.0,F4,drone,friendly,True,459.4454714948957,428.7061488817379,70.0,2.6658839383877466
2.0,F5,drone,friendly,True,497.33392954214014,420.52174690591374,70.0,2.73958589949797
2.0,F6,drone,friendly,True,585.0925683071088,428.738364156602,70.0,0.11707008322714739
2.0,H1,drone,hostile_ground,True,191.65209545652405,127.0364457078725,80.0,0.6257940600269669
2.0,H2,drone,hostile_ground,True,800.7558733234731,131.00390268604122,80.0,2.512096914425951
2.0,H3,drone,hostile_air,True,855.4920747327742,493.8813878281573,95.0,-2.756998622122547
2.0,H4,drone,hostile_ground,True,223.79858529867923,579.4492742415588,80.0,-0.693210982425505
2.5,asset-alpha,asset,protected_ground_asset,True,500.0,350.0,0.0,0.0
2.5,F1,drone,friendly,True,338.62695519100873,485.09302340592336,70.0,2.5669578893783487
2.5,F2,drone,friendly,True,361.1776150357365,492.5034635736092,70.0,2.6108827738671447
2.5,F3,drone,friendly,True,387.7838906633491,479.90728980294864,70.0,2.723091032258002
2.5,F4,drone,friendly,True,440.77613188426636,438.3215406315828,70.0,2.66598831491916
2.5,F5,drone,friendly,True,478.00611619157536,428.73366696676,70.0,2.739827213697125
2.5,F6,drone,friendly,True,605.953653327336,431.1498225905898,70.0,0.11508522897840132
2.5,H1,drone,hostile_ground,True,204.43703606446937,136.27974535814792,80.0,0.6259850969744089
2.5,H2,drone,hostile_ground,True,788.2260304070451,140.12821287857847,80.0,2.5121860498898165
2.5,H3,drone,hostile_air,True,839.2703920766893,487.3157948004657,95.0,-2.7570052140173034
2.5,H4,drone,hostile_ground,True,235.80214925552906,569.477479598652,80.0,-0.6932035598189132
3.0,asset-alpha,asset,protected_ground_asset,True,500.0,350.0,0.0,0.0
3.0,F1,drone,friendly,True,321.21989590223745,496.8401203629252,70.0,2.54794829261315
3.0,F2,drone,friendly,True,343.42469061271396,502.8037349319004,70.0,2.6158581801973355
3.0,F3,drone,friendly,True,369.62520551296666,487.8811095092336,70.0,2.7278243046205017
3.0,F4,drone,friendly,True,422.1307937523389,447.98339169367705,70.0,2.6634981801489848
3.0,F5,drone,friendly,True,458.70404723211414,437.00591780218576,70.0,2.7367036874567754
3.0,F6,drone,friendly,True,612.2417397880552,411.11335661820533,70.0,-1.2666983211448422
3.0,H1,drone,hostile_ground,True,217.4027280987152,145.65475629537323,80.0,0.6260373166875717
3.0,H2,drone,hostile_ground,True,775.6959484061537,149.25219474237764,80.0,2.512212253379184
3.0,H3,drone,hostile_air,True,823.16716032946,480.79818216304756,95.0,-2.7570072606481593
3.0,H4,drone,hostile_ground,True,247.8974106002601,559.429549831904,80.0,-0.6932015438088657
3.5,asset-alpha,asset,protected_ground_asset,True,500.0,350.0,0.0,0.0
3.5,F1,drone,friendly,True,304.1710286409183,509.10128364810816,70.0,2.518111440593074
3.5,F2,drone,friendly,True,325.7904150091938,512.5017225250963,70.0,2.638787059450112
3.5,F3,drone,friendly,True,351.2710645125245,495.79568355113884,70.0,2.734469960164963
3.5,F4,drone,friendly,True,403.476122539007,457.627210539056,70.0,2.664465054722316
3.5,F5,drone,friendly,True,439.39071797995837,445.2518448694005,70.0,2.7380670691828533
3.5,F6,drone,friendly,True,618.4824225802115,391.0620754050837,70.0,-1.2690633154284336
3.5,H1,drone,hostile_ground,True,230.3682723152673,155.0299716618932,80.0,0.6260530837179332
3.5,H2,drone,hostile_ground,True,763.2714704453942,158.29912687293933,80.0,2.5122202715911572
3.5,H3,drone,hostile_air,True,807.2474651051222,474.3548650526163,95.0,-2.75700785768414
3.5,H4,drone,hostile_ground,True,259.9565169499788,549.4116667516948,80.0,-0.6932009772125867
4.0,asset-alpha,asset,protected_ground_asset,True,500.0,350.0,0.0,0.0
4.0,F1,drone,friendly,True,287.7947700903297,522.2473155925496,70.0,2.4651774868063514
4.0,F2,drone,friendly,True,308.1989481612692,521.2044713451129,70.0,2.682182601898932
4.0,F3,drone,friendly,True,332.824397070621,503.68404980415835,70.0,2.737495664880034
4.0,F4,drone,friendly,True,384.82275992921245,467.2735602811874,70.0,2.6643293790251983
4.0,F5,drone,friendly,True,420.0777428555667,453.4986013132776,70.0,2.7380241255631805
4.0,F6,drone,friendly,True,624.7144512309894,371.00810275885016,70.0,-1.269494886876628
4.0,H1,drone,hostile_ground,True,243.33377041159426,164.40525081049148,80.0,0.6260580030788708
4.0,H2,drone,hostile_ground,True,750.7412945930993,167.42297984800223,80.0,2.512222539684858
4.0,H3,drone,hostile_air,True,791.025764029101,467.7893175354466,95.0,-2.75700801955216
4.0,H4,drone,hostile_ground,False,272.26379093321646,539.1876261071394,80.0,-0.6932008243504244
4.5,asset-alpha,asset,protected_ground_asset,True,500.0,350.0,0.0,0.0
4.5,F1,drone,friendly,True,292.07637199476244,516.4479114760657,70.0,-0.9348363199286596
4.5,F2,drone,friendly,True,317.4869047447419,515.3370694606043,70.0,-0.5634181604069791
4.5,F3,drone,friendly,True,336.3084505970038,482.9750814323321,70.0,-1.40411832496208
4.5,F4,drone,friendly,True,382.4935177928095,446.40313548747497,70.0,-1.6819413105446739
4.5,F5,drone,friendly,True,414.3140883706599,433.30503087666057,70.0,-1.8488241461082213
4.5,F6,drone,friendly,True,630.839741747171,350.9212708510461,70.0,-1.2748130604513435
4.5,H1,drone,hostile_ground,True,256.2992541261075,173.78054984831914,80.0,0.626059537091701
4.5,H2,drone,hostile_ground,True,738.2111126884714,176.5468245111328,80.0,2.5122232030379035
4.5,H3,drone,hostile_air,True,774.8941370928355,461.2602274422252,95.0,-2.7570080700814033
4.5,H4,drone,hostile_ground,False,272.26379093321646,539.1876261071394,80.0,-0.6932008243504244
5.0,asset-alpha,asset,protected_ground_asset,True,500.0,350.0,0.0,0.0
5.0,F1,drone,friendly,True,296.6984300700232,496.6093106491735,70.0,-1.341896599721865
5.0,F2,drone,friendly,True,324.1567587740859,495.4244340944042,70.0,-1.247586204227059
5.0,F3,drone,friendly,True,339.21553599055034,462.17727254498465,70.0,-1.431917687547532
5.0,F4,drone,friendly,True,380.15556266255777,425.56827644335175,70.0,-1.6825424877101656
5.0,F5,drone,friendly,True,408.72576359228907,413.06223892072114,70.0,-1.8401523172186323
5.0,F6,drone,friendly,True,636.891415383011,330.8121374484034,70.0,-1.2784759553446268
5.0,H1,drone,hostile_ground,True,269.26473358310653,183.15585477403414,80.0,0.6260599912119199
5.0,H2,drone,hostile_ground,True,725.6809288769065,185.6706665553812,80.0,2.5122234120438063
5.0,H3,drone,hostile_air,True,758.6724355891902,454.69468098159984,95.0,-2.757008084683695
5.0,H4,drone,hostile_ground,False,272.26379093321646,539.1876261071394,80.0,-0.6932008243504244
5.5,asset-alpha,asset,protected_ground_asset,True,500.0,350.0,0.0,0.0
5.5,F1,drone,friendly,True,302.1359483259792,476.8834773015763,70.0,-1.3018215681314742
5.5,F2,drone,friendly,True,330.5309350075833,475.415189297453,70.0,-1.2623987525518041
5.5,F3,drone,friendly,True,342.3237108051499,441.4085641277072,70.0,-1.422242214818756
5.5,F4,drone,friendly,True,377.3334285518031,404.993457575943,70.0,-1.7071101695984756
5.5,F5,drone,friendly,True,403.83363028620914,392.6400198513951,70.0,-1.8059153430324781
5.5,F6,drone,friendly,True,642.8530469442246,310.67612619670956,70.0,-1.282950628011812
5.5,H1,drone,hostile_ground,True,282.2302117918881,192.53116142595812,80.0,0.6260601243507722
5.5,H2,drone,hostile_ground,True,713.1507444699101,194.79450778189675,80.0,2.512223477304846
5.5,H3,drone,hostile_air,True,742.4507340567346,448.12913459215673,95.0,-2.7570080890717814
5.5,H4,drone,hostile_ground,False,272.26379093321646,539.1876261071394,80.0,-0.6932008243504244
6.0,asset-alpha,asset,protected_ground_asset,True,500.0,350.0,0.0,0.0
6.0,F1,drone,friendly,True,308.16749150196216,457.30501594978307,70.0,-1.271952097526405
6.0,F2,drone,friendly,True,336.84296185158155,455.3862523031778,70.0,-1.2655032561432604
6.0,F3,drone,friendly,True,345.6616727946735,420.67554674584756,70.0,-1.4111687077583324
6.0,F4,drone,friendly,True,374.39208619289394,384.5858681562838,70.0,-1.713940390291718
6.0,F5,drone,friendly,True,399.2999602377537,372.13524392255994,70.0,-1.7883985870729655
6.0,F6,drone,friendly,True,648.699407954984,290.5063452625528,70.0,-1.288670413181005
6.0,H1,drone,hostile_ground,True,294.90125940360826,201.6935668392224,80.0,0.6260601673774471
6.0,H2,drone,hostile_ground,True,700.7965332920584,203.79021390160594,80.0,2.5122234972075055
6.0,H3,drone,hostile_air,True,726.3852147139492,441.62680116618077,95.0,-2.757008090439604
6.0,H4,drone,hostile_ground,False,272.26379093321646,539.1876261071394,80.0,-0.6932008243504244
6.5,asset-alpha,asset,protected_ground_asset,True,500.0,350.0,0.0,0.0
6.5,F1,drone,friendly,True,314.5332350250352,437.846534853913,70.0,-1.2546256326893608
6.5,F2,drone,friendly,True,343.08188906917354,435.334424776152,70.0,-1.2691508684695032
6.5,F3,drone,friendly,True,349.0962985733946,399.95832333728856,70.0,-1.4065046280269837
6.5,F4,drone,friendly,True,371.3927173072088,364.322923950162,70.0,-1.7177515963601897
6.5,F5,drone,friendly,True,394.8104570991886,351.6207524209698,70.0,-1.786245116492495
6.5,F6,drone,friendly,True,654.4810715131605,270.3179236674886,70.0,-1.2918765716869443
6.5,H1,drone,hostile_ground,True,307.594327208959,210.87189523599022,80.0,0.626060179384027
6.5,H2,drone,hostile_ground,True,688.4391579176344,212.78822392004864,80.0,2.512223502904986
6.5,H3,drone,hostile_air,True,710.4593959460304,435.1810099420677,95.0,-2.757008090843028
6.5,H4,drone,hostile_ground,False,272.26379093321646,539.1876261071394,80.0,-0.6932008243504244
7.0,asset-alpha,asset,protected_ground_asset,True,500.0,350.0,0.0,0.0
7.0,F1,drone,friendly,True,321.3601863099411,418.61070351855915,70.0,-1.2297557934689713
7.0,F2,drone,friendly,True,349.50224535166774,415.3399499091834,70.0,-1.2600899658254092
7.0,F3,drone,friendly,True,352.8458100652241,379.29576871370347,70.0,-1.3912856176656212
7.0,F4,drone,friendly,True,368.6752556756392,344.19276005280585,70.0,-1.7049796639848087
7.0,F5,drone,friendly,True,390.3897509186561,331.09132581267403,70.0,-1.7828927614167251
7.0,F6,drone,friendly,True,660.0229588040265,250.0623692377689,70.0,-1.3037336382610933
7.0,H1,drone,hostile_ground,True,320.41587095590563,220.14312435871918,80.0,0.6260601827359572
7.0,H2,drone,hostile_ground,True,675.9089732624232,221.9120648056795,80.0,2.5122235045099273
7.0,H3,drone,hostile_air,True,694.3379299235364,428.6560327532775,95.0,-2.7570080909573256
7.0,H4,drone,hostile_ground,False,272.26379093321646,539.1876261071394,80.0,-0.6932008243504244
7.5,asset-alpha,asset,protected_ground_asset,True,500.0,350.0,0.0,0.0
7.5,F1,drone,friendly,True,328.72974374054974,399.6869796958609,70.0,-1.199430891187547
7.5,F2,drone,friendly,True,356.2322635985309,395.4475680910881,70.0,-1.2445632600879057
7.5,F3,drone,friendly,True,357.04356621565574,358.71959697789424,70.0,-1.3695474580946363
7.5,F4,drone,friendly,True,366.49869563752657,324.2431721253986,70.0,-1.6794694985850565
7.5,F5,drone,friendly,True,385.99082707007966,310.55722079262443,70.0,-1.7818318526712154
7.5,F6,drone,friendly,True,664.8975139216985,229.63594731897027,70.0,-1.3365379603560679
7.5,H1,drone,hostile_ground,True,333.2971903197111,229.45757711311512,80.0,0.6260601837079469
7.5,H2,drone,hostile_ground,False,663.5666559857021,230.89911024617862,80.0,2.512223505010872
7.5,H3,drone,hostile_air,True,678.2890291201494,422.1604254995185,95.0,-2.7570080909915835
7.5,H4,drone,hostile_ground,False,272.26379093321646,539.1876261071394,80.0,-0.6932008243504244
8.0,asset-alpha,asset,protected_ground_asset,True,500.0,350.0,0.0,0.0
8.0,F1,drone,friendly,True,336.6797321824095,381.15714542868477,70.0,-1.1655110997800828
8.0,F2,drone,friendly,True,363.29722780329814,375.67166657471324,70.0,-1.227676318176965
8.0,F3,drone,friendly,True,361.75835466220485,338.25570756497257,70.0,-1.3443523228745204
8.0,F4,drone,friendly,True,365.13961630653364,304.6001990397611,70.0,-1.6398753219510946
8.0,F5,drone,friendly,True,381.4324306242764,290.05792758912867,70.0,-1.7896046329544546
8.0,F6,drone,friendly,True,645.3131848844015,237.21579271045982,70.0,2.7723116284429037
8.0,H1,drone,hostile_ground,True,346.2626679693733,238.83288453826708,80.0,0.6260601839882183
8.0,H2,drone,hostile_ground,False,663.5666559857021,230.89911024617862,80.0,2.512223505010872
8.0,H3,drone,hostile_air,True,662.0673275750237,415.5948791413799,95.0,-2.757008091001574
8.0,H4,drone,hostile_ground,False,272.26379093321646,539.1876261071394,80.0,-0.6932008243504244
8.5,asset-alpha,asset,protected_ground_asset,True,500.0,350.0,0.0,0.0
8.5,F1,drone,friendly,True,345.34558065952956,363.1740928294645,70.0,-1.1217416126761537
8.5,F2,drone,friendly,True,370.772162164746,356.0470555902365,70.0,-1.2068666720048906
8.5,F3,drone,friendly,True,367.1576251044074,318.2137786578438,70.0,-1.3076449812494955
8.5,F4,drone,friendly,True,365.30145128036395,285.31056037293087,70.0,-1.562406787741125
8.5,F5,drone,friendly,True,376.35343434985896,269.68137741878695,70.0,-1.8150755047334874
8.5,F6,drone,friendly,True,625.8044967125534,244.98824958159105,70.0,2.7624576987724487
8.5,H1,drone,hostile_ground,False,359.2281456181802,248.2081919646019,80.0,0.6260601840794499
8.5,H2,drone,hostile_ground,False,663.5666559857021,230.89911024617862,80.0,2.512223505010872
8.5,H3,drone,hostile_air,True,646.089497604673,409.128036986751,95.0,-2.757008091004774
8.5,H4,drone,hostile_ground,False,272.26379093321646,539.1876261071394,80.0,-0.6932008243504244
9.0,asset-alpha,asset,protected_ground_asset,True,500.0,350.0,0.0,0.0
9.0,F1,drone,friendly,True,364.5973970348199,362.99623385704234,70.0,-0.009238292588748354
9.0,F2,drone,friendly,True,391.7707447415644,356.29104281232037,70.0,0.011618700554623577
9.0,F3,drone,friendly,True,387.3538578676748,323.9680972249658,70.0,0.2775655284934158
9.0,F4,drone,friendly,True,382.34968231399193,296.5555176051795,70.0,0.5830920393979007
9.0,F5,drone,friendly,True,395.7189937110029,277.80388384414664,70.0,0.39714379695657465
9.0,F6,drone,friendly,True,618.7165450988676,264.7559237473104,70.0,1.9150789721209471
9.0,H1,drone,hostile_ground,False,359.2281456181802,248.2081919646019,80.0,0.6260601840794499
9.0,H2,drone,hostile_ground,False,663.5666559857021,230.89911024617862,80.0,2.512223505010872
9.0,H3,drone,hostile_air,True,629.8677960595203,402.5624906286794,95.0,-2.7570080910057047
9.0,H4,drone,hostile_ground,False,272.26379093321646,539.1876261071394,80.0,-0.6932008243504244
9.5,asset-alpha,asset,protected_ground_asset,True,500.0,350.0,0.0,0.0
9.5,F1,drone,friendly,True,384.1506099908498,362.4984930691288,70.0,-0.02545020708321336
9.5,F2,drone,friendly,True,412.7539510618483,357.13071686836776,70.0,0.03999514078638475
9.5,F3,drone,friendly,True,407.4397039922161,330.096619515147,70.0,0.2961441604711505
9.5,F4,drone,friendly,True,399.7845358369955,305.7174576855913,70.0,0.4838354947163101
9.5,F5,drone,friendly,True,414.5562597366809,287.08598536685355,70.0,0.4578324582646989
9.5,F6,drone,friendly,True,610.7110857002301,284.17016130166127,70.0,1.9619036469976887
9.5,H1,drone,hostile_ground,False,359.2281456181802,248.2081919646019,80.0,0.6260601840794499
9.5,H2,drone,hostile_ground,False,663.5666559857021,230.89911024617862,80.0,2.512223505010872
9.5,H3,drone,hostile_air,True,613.8957029389157,396.0979703977541,95.0,-2.7570080910060137
9.5,H4,drone,hostile_ground,False,272.26379093321646,539.1876261071394,80.0,-0.6932008243504244
10.0,asset-alpha,asset,protected_ground_asset,True,500.0,350.0,0.0,0.0
10.0,F1,drone,friendly,True,403.91433677239655,361.83200026136825,70.0,-0.033710257819019304
10.0,F2,drone,friendly,True,433.66383220822104,359.0741340764228,70.0,0.09267628407129352
10.0,F3,drone,friendly,True,427.72903513439644,335.51354131659025,70.0,0.2608984045826996
10.0,F4,drone,friendly,True,416.97201376100935,314.0732198465774,70.0,0.4525096281139796
10.0,F5,drone,friendly,True,433.1445363116772,296.8571661538129,70.0,0.4839670921223451
10.0,F6,drone,friendly,True,601.7971795183672,303.184426382935,70.0,2.009174685440645
10.0,H1,drone,hostile_ground,False,359.2281456181802,248.2081919646019,80.0,0.6260601840794499
10.0,H2,drone,hostile_ground,False,663.5666559857021,230.89911024617862,80.0,2.512223505010872
10.0,H3,drone,hostile_air,True,597.7633928381808,389.5686041944481,95.0,-2.7570080910061074
10.0,H4,drone,hostile_ground,False,272.26379093321646,539.1876261071394,80.0,-0.6932008243504244
10.5,asset-alpha,asset,protected_ground_asset,True,500.0,350.0,0.0,0.0
10.5,F1,drone,friendly,True,423.8171179399331,360.88677973532936,70.0,-0.047456224163849724
10.5,F2,drone,friendly,True,454.53126884783967,361.42999657060676,70.0,0.11242058116934787
10.5,F3,drone,friendly,True,448.15733988258836,340.3801998329647,70.0,0.23387179666620267
10.5,F4,drone,friendly,True,433.60265321169356,322.01599459260285,70.0,0.44556665104350973
10.5,F5,drone,friendly,True,451.4997968264936,307.0593429525761,70.0,0.5072987216295958
10.5,F6,drone,friendly,True,591.4938675135818,321.4831083500069,70.0,2.0836134152098142
10.5,H1,drone,hostile_ground,False,359.2281456181802,248.2081919646019,80.0,0.6260601840794499
10.5,H2,drone,hostile_ground,False,663.5666559857021,230.89911024617862,80.0,2.512223505010872
10.5,H3,drone,hostile_air,True,581.5416912930252,383.0030578363835,95.0,-2.7570080910061368
10.5,H4,drone,hostile_ground,False,272.26379093321646,539.1876261071394,80.0,-0.6932008243504244
11.0,asset-alpha,asset,protected_ground_asset,True,500.0,350.0,0.0,0.0
11.0,F1,drone,friendly,True,443.3762160033323,360.1330430400982,70.0,-0.038517313638663675
11.0,F2,drone,friendly,True,475.4033976837633,363.7439191830999,70.0,0.11041098346038597
11.0,F3,drone,friendly,True,468.75032637072155,344.49467519436416,70.0,0.1972030888481767
11.0,F4,drone,friendly,True,449.5841390321698,329.7922389755738,70.0,0.4528527208850761
11.0,F5,drone,friendly,True,469.6941376120823,317.5458086764443,70.0,0.5228547431482375
11.0,F6,drone,friendly,True,579.3193910716659,338.593985690612,70.0,2.1892021706286493
11.0,H1,drone,hostile_ground,False,359.2281456181802,248.2081919646019,80.0,0.6260601840794499
11.0,H2,drone,hostile_ground,False,663.5666559857021,230.89911024617862,80.0,2.512223505010872
11.0,H3,drone,hostile_air,True,565.3199897478695,376.4375114783191,95.0,-2.7570080910061474
11.0,H4,drone,hostile_ground,False,272.26379093321646,539.1876261071394,80.0,-0.6932008243504244
11.5,asset-alpha,asset,protected_ground_asset,True,500.0,350.0,0.0,0.0
11.5,F1,drone,friendly,True,462.6534351204766,360.0717933642577,70.0,-0.0031772979991790675
11.5,F2,drone,friendly,True,496.33413757330015,365.4480693163184,70.0,0.08123933782999504
11.5,F3,drone,friendly,True,489.2042761914629,349.2523990966724,70.0,0.22854262109103773
11.5,F4,drone,friendly,True,465.3796019550098,336.65432800285936,70.0,0.4098342709638777
11.5,F5,drone,friendly,True,487.95755933384146,327.91149374850664,70.0,0.5162289821779502
11.5,F6,drone,friendly,True,564.4610340889634,353.43410791971024,70.0,2.3568084863226755
11.5,H1,drone,hostile_ground,False,359.2281456181802,248.2081919646019,80.0,0.6260601840794499
11.5,H2,drone,hostile_ground,False,663.5666559857021,230.89911024617862,80.0,2.512223505010872
11.5,H3,drone,hostile_air,False,549.0982882027138,369.8719651202548,95.0,-2.7570080910061514
11.5,H4,drone,hostile_ground,False,272.26379093321646,539.1876261071394,80.0,-0.6932008243504244
